[
  {
    "id": "2ac4cbbb-43e2-4ccb-b4ee-4a663ad1a54b",
    "data": [
      {
        "text": "येथे स्वागत आहे",
        "userDefined": false
      }
    ],
    "isTemplate": false,
    "count": 0,
    "lang": "mr",
    "updated": 0
  },
  {
    "id": "34462951-2667-483c-aec9-2901384f8a8f",
    "data": [
      {
        "text": "सुस्वागतम",
        "userDefined": false
      }
    ],
    "isTemplate": false,
    "count": 0,
    "lang": "mr",
    "updated": 0
  },
  {
    "id": "205b4741-f7bb-4ce8-be1c-27757360b6de",
    "data": [
      {
        "text": "तुमचे मनापासून स्वागत आहे",
        "userDefined": false
      }
    ],
    "isTemplate": false,
    "count": 0,
    "lang": "mr",
    "updated": 0
  },
  {
    "id": "90ef0ee7-dc68-45b1-bff1-31fe0998632d",
    "data": [
      {
        "text": "ही माझ्यासाठी आनंदाची गोष्ट आहे",
        "userDefined": false
      }
    ],
    "isTemplate": false,
    "count": 0,
    "lang": "mr",
    "updated": 0
  },
  {
    "id": "819b43c3-ccf2-46c0-9233-8c99eba342eb",
    "data": [
      {
        "text": "नक्कीच स्वागत आहे",
        "userDefined": false
      }
    ],
    "isTemplate": false,
    "count": 0,
    "lang": "mr",
    "updated": 0
  },
  {
    "id": "8d879361-60df-489f-a9fd-0d381625aac1",
    "data": [
      {
        "text": "माझे सौभाग्य",
        "userDefined": false
      }
    ],
    "isTemplate": false,
    "count": 0,
    "lang": "mr",
    "updated": 0
  },
  {
    "id": "b4af7c3c-c41f-4c10-b0a0-ffc33106bba1",
    "data": [
      {
        "text": "तुमचे स्वागत आहे",
        "userDefined": false
      }
    ],
    "isTemplate": false,
    "count": 0,
    "lang": "mr",
    "updated": 0
  }
]