[
  {
    "id": "f09ee662-9c50-434e-98f2-d6149a53776d",
    "data": [
      {
        "text": "meals",
        "meta": "@sys.any",
        "alias": "any",
        "userDefined": true
      }
    ],
    "isTemplate": false,
    "count": 1,
    "lang": "en",
    "updated": 0
  },
  {
    "id": "a97684f5-d329-4540-add0-1b54437252d8",
    "data": [
      {
        "text": "biryani",
        "meta": "@sys.any",
        "alias": "any",
        "userDefined": true
      }
    ],
    "isTemplate": false,
    "count": 1,
    "lang": "en",
    "updated": 0
  },
  {
    "id": "48a3478e-696e-4948-88f5-63f53721ae80",
    "data": [
      {
        "text": "bhel",
        "meta": "@sys.any",
        "alias": "any",
        "userDefined": true
      }
    ],
    "isTemplate": false,
    "count": 0,
    "lang": "en",
    "updated": 0
  },
  {
    "id": "63a33ed9-efdb-4691-a68b-461986a756b4",
    "data": [
      {
        "text": "sev puri",
        "meta": "@sys.any",
        "alias": "any",
        "userDefined": true
      }
    ],
    "isTemplate": false,
    "count": 0,
    "lang": "en",
    "updated": 0
  },
  {
    "id": "678cb08b-d0b0-4139-97b4-30c29721ba11",
    "data": [
      {
        "text": "pani puri",
        "meta": "@sys.any",
        "alias": "any",
        "userDefined": true
      }
    ],
    "isTemplate": false,
    "count": 0,
    "lang": "en",
    "updated": 0
  },
  {
    "id": "83dcb038-e761-48a7-ba12-f503420ac556",
    "data": [
      {
        "text": "kfc wings",
        "meta": "@sys.any",
        "alias": "any",
        "userDefined": true
      }
    ],
    "isTemplate": false,
    "count": 0,
    "lang": "en",
    "updated": 0
  },
  {
    "id": "7f7cad00-4873-42eb-ba9f-f1842894f7eb",
    "data": [
      {
        "text": "maharaja burger",
        "meta": "@sys.any",
        "alias": "any",
        "userDefined": true
      }
    ],
    "isTemplate": false,
    "count": 0,
    "lang": "en",
    "updated": 0
  },
  {
    "id": "d0595d6a-9aa4-43ff-b1ff-0f40288c8a70",
    "data": [
      {
        "text": "farmhouse pizza",
        "meta": "@sys.any",
        "alias": "any",
        "userDefined": true
      }
    ],
    "isTemplate": false,
    "count": 0,
    "lang": "en",
    "updated": 0
  },
  {
    "id": "105a4656-fe75-4628-bead-f8e3c61e19a6",
    "data": [
      {
        "text": "ice cream",
        "meta": "@sys.any",
        "alias": "any",
        "userDefined": true
      }
    ],
    "isTemplate": false,
    "count": 0,
    "lang": "en",
    "updated": 0
  }
]